column_1,column_2,salary
-1.5717972179330735,-0.10287845394298284,93267
0.7035184586701644,-0.8266294429929135,95173
-0.43500212878255484,0.12154692762923353,94817
-1.6233335868948928,1.7279640847252098,84863
-0.7130070140233521,-0.25655947873590673,81179
1.1510467683678316,1.492197974402998,83862
1.6640359334481865,-0.9318146702941958,83653
0.5820798544289076,-1.4572045276898742,86807
-0.8756595845554356,0.24901046438464006,93348
-1.9556816480476344,-1.1434580449452392,80574
-0.47265629395988584,-1.18630539515751,97470
-0.5187517859586586,-0.08747653561484497,89895
-0.9972088484081012,-1.250068748781645,86279
-1.8231921413233338,-0.3660170847974748,86787
0.23324450048604561,0.09452497447122607,82782
0.1901882949090296,-0.8300781560285064,88042
-0.1253224207450977,-0.055038518520267955,88539
0.8341737257100015,-0.853147200705461,81836
0.23534643340572817,0.9873640506164043,85668
-0.8723935149081216,-0.5050078934130895,81197
0.798130856043081,1.2637700148534248,89870
-1.0787457569661756,0.6870367758016548,91391
0.4263488768727791,-0.17451983132650392,96660
0.8511664927083037,0.17894669870115895,99320
-0.2996054886514646,-0.8778687713124107,89198
-2.1343822679522977,3.4680759018826324,98053
0.7304982477394992,0.722243895838487,89763
0.27418445949806414,0.1461779555214447,98831
0.22018858982699654,0.5571252391745852,93406
-0.45827075595652045,-0.22684911953027798,95087
1.7931081138938376,0.18991804430300016,94255
-0.6095642872341381,0.08320550805674064,91954
2.235167313658212,-0.6301635342064855,84727
-0.5652041813607803,-1.0714627177288145,95135
-0.1713316714849825,0.148264668575046,94683
0.7327378737057919,2.4815311080726383,92514
0.20133195946354532,0.5668577925171651,82041
-0.006649980532909647,-0.7256315084406431,80425
1.886845461352897,1.4374211726191206,84850
0.6033832332004734,-0.07327976849483168,94982
-0.9366918148943599,2.0215619196915595,83484
0.6927253188199693,-0.5367515314121348,88085
-0.5616338969663355,-0.6237156476658815,81002
0.14781089118747168,-0.011072850810363598,89476
-0.6851299452885339,0.29060114512597107,91690
2.3324609308915782,-0.9519772683609825,82802
0.3215759898038996,0.08817368199376668,91071
0.0464436589178805,-2.6346215688421335,92920
0.09381788775720769,0.14135358372298457,86806
-1.4328191129963712,0.059840854318152,82133
-0.3721774622451028,1.3190622691807654,92166
0.49287268960438946,-1.5618806081035999,93145
-1.2452739331005709,0.4874585607171725,98910
0.8536863506058895,-1.9861498465325225,91337
0.6711849012816663,0.9772894620343461,86579
-1.1546234878177648,-0.9086162854459169,80182
-1.6414345060553768,0.1785052517157486,89162
0.07906327483134062,0.28887478595572025,99836
-1.0914751551051491,0.8086864305441718,94955
0.7924553530493972,0.2896898648789531,85519
-1.0707033815848017,0.9698719300419775,89126
1.3180029192614526,0.6995431036097562,88720
-0.30826582902747135,0.1321802847660153,92245
-0.15031462522841604,0.23001895268854974,89482
0.46850450886988976,-1.1248114892225487,86654
-0.6713458380223636,-0.27322291991967623,95299
0.7870390498316493,0.26886369762101625,85323
-1.1986739567597202,0.9185014414910578,95353
-0.7397918259883276,-0.11122667207870547,90976
-1.3036975226230532,0.07895668672358909,86053
0.38234801430505116,-1.014053520000438,90254
0.4869245359074849,0.030924473965469795,95422
-1.0451033755823542,0.12606165758415944,93868
1.4234754251008155,1.2586860491489484,95195
-0.6539602682620681,-0.3019414870155416,86513
0.3498298679118964,-0.8102978308936762,89534
-0.7554720442297134,0.09201225468626896,92169
-0.23156537117083636,-0.7283092677955585,96855
-1.8455426447662273,0.37774253945104913,99834
-0.46664929116496645,-0.4641820954226141,83309
0.41559746187926,-0.6595827853328462,89780
0.14692247427398414,0.41825968183941103,99038
-0.8827078562531746,1.6895617503243632,96264
-0.7393210026657651,-0.3263821429175753,98959
-0.7358069198435052,-0.43575816425307046,96404
0.00948555777298945,0.08908389866894888,87431
-0.32702349242194595,-0.4054737741843231,92092
0.45695872422900335,1.3079773366436376,91876
1.64594232085519,-1.2591889061516215,96490
1.9533190632785438,-1.5718348691815607,95376
-1.9939911340421737,0.48858777306517887,98546
0.6903773375560627,0.8915122920419263,83365
1.0008926083903826,-0.5616445269548453,98312
1.490344200448106,-1.2262429810391189,87700
0.08382941375420104,0.2867663000891668,84670
1.97502355453254,0.3171133782977907,96000
-1.0328661473009966,1.0102653560458386,81480
-1.1297467724395218,-0.9103384093501573,80338
0.8478614951117798,-0.784321791726258,84946
1.2145761710232934,2.4823955938019213,99933
-1.651091917421574,1.0242473057832482,90806
-1.0483568364757425,-0.13464616575993904,93415
0.37600524802996615,-0.25592811053351255,92923
-1.0474222290045112,-0.8104634690951563,87585
0.1521647383667288,0.10797677208545266,89506
0.7050259893563904,0.8111188056002389,80330
-1.4250571686926081,1.2635404657981693,87804
0.6865063527514008,1.151185237081491,88878
0.5291183424675996,-0.5258985204246079,89770
-2.198404964655281,-0.31611205502639517,80692
-0.023343165199753005,0.6654015200945875,87622
-1.548752162616017,-0.6799097459743457,91831
1.4592131543018863,-0.07103098566821174,94806
0.667154591095739,-0.14670925732729234,84012
0.9026476189685764,0.22730363331023953,90017
-0.5323827468834615,1.1681589864958273,82228
-0.9609531653291604,1.473060007807081,99708
-1.8102395602796428,0.954277593162819,91190
-1.10519658647667,-0.32444785530196973,94458
-1.1798416203777906,1.3208232942202414,96336
0.33500515956707855,0.4859054458842294,99213
-0.3361191651335483,-0.5834355977544136,93622
0.8359026866241019,-2.267917113019967,88020
-0.5123834536706193,0.3181178689549655,89327
1.2518227730408644,1.4952959446658174,93991
0.6014394265327246,1.0374549044976409,90122
0.23564774360486784,1.6898281598561087,93284
0.8842874466579075,-0.3638202453478916,83608
1.758251793866382,1.028492130634699,98852
-0.3134675869859054,-1.420407375586834,81308
-0.7183070256447699,0.23209309685692056,86353
-2.352775674210068,0.06568417688056534,85904
-0.1515136884861252,-0.7023601305452065,80700
-0.14589721850826456,-0.848998152623912,84708
-0.5622772365139418,-1.4328326735388612,93244
0.03584504789953041,-0.03732659505635039,84565
1.3034313832350433,0.7508826697186841,98748
0.5458629678994298,0.6939935169607909,86705
0.6652200953449013,0.5837521327559593,81464
1.540602414151271,0.010654718789189775,94071
0.9971032324978573,0.5067446476201746,98746
-0.2150654205501186,-1.3186780941689784,87494
0.22261893259170548,0.0933723876709081,86804
-1.5491253331282053,-1.0751993799327744,82242
1.2108911020446547,0.3572378055498674,90335
-2.3167006234619367,-0.8980520376445553,97944
0.033117087398581595,-0.3863676176925053,84132
0.6988919101048956,0.8273787621480108,81974
0.13079384486039267,-1.525708712699116,97771
2.5254437908505283,1.2279775212702644,90709
0.37295611843370224,-1.3266620641256968,85252
0.003264952434920986,0.14205530379415487,89696
0.42607907806557843,0.6509747503507115,96997
-2.322714223786948,0.33927561712265847,80747
1.3539724782677351,-1.3685848861654446,96694
-2.071208852421511,-1.2776604709136805,96930
-0.4524104717557759,-0.891831030429257,83971
-0.8142548982878947,-0.8538375330691809,99900
1.4467566248856747,1.0330927717396023,85657
-0.23325706665486803,-0.9022524678761894,90983
-2.4209623382002774,-1.370790584409122,83964
1.3476724761701369,-0.42737619564832496,98004
-0.4328103950585061,1.2403234344894905,99546
-0.5509012561874337,-0.6601595968952354,96912
0.23551123442597802,-0.44996902345876233,94135
2.5955291882188476,-2.2253670650768678,81590
0.4450327571945245,-1.274631489936265,89795
0.8204242636927784,1.086331801639371,98780
-0.4890061054638135,-0.22106623701954647,93096
-0.6661226004027452,0.09561515875088654,88043
-0.22620663004237138,-0.3788237666493994,99899
1.0976968818868476,-0.034520408809478036,86594
-0.3782183335659322,1.6231708209915559,87587
-0.700663125573996,0.6810741361244638,87828
-1.9249069029876051,-1.709175127530456,96601
-0.08476576883077416,-0.2698365683597835,89439
-0.6534978123230154,-0.20435654969438205,87627
1.3087041958732053,-1.1017822099707903,85739
-2.0098590338208497,1.864150064792424,89889
1.0634714704632293,-0.4267763263895973,83206
-3.1935702664619607,-0.5599428704771937,81561
1.682363848635023,1.53579601508144,94012
0.8199810447584561,0.6236574978852917,92286
-0.24177208089715477,-0.15055505508009276,96362
-1.6534858883762562,1.343885745679429,89676
0.5188917380391866,-1.0390047211998126,97961
-0.9811069036613983,2.377633555539639,98283
2.0827787877999757,-0.8913665664446018,98606
-0.43416213423399713,1.1920439622891301,96199
-0.94229044061855,0.22760094382657642,94184
0.4612838272024337,-1.7522401241957135,89121
-0.7892598383430851,1.1248349967173383,90428
0.4152683969865282,-1.2207815624098821,87132
-0.9505837867481078,1.9438142825914597,94497
-1.2744442122599273,-0.7125922847347989,83783
-1.6975345753477966,-0.22791706514251,95515
0.35595514166986564,0.22087851405953857,91966
0.1712993967873158,0.36820424629695664,89792
0.34050863085884286,-0.24338913964618347,89167
-2.52928780531607,-0.5933531094262229,86861
-0.5138501795514742,0.4976307289875176,91587
-0.39966654921365286,1.6680398126384248,96626
0.2053643799798971,-1.3126668475996237,87847
-0.6203527411801131,1.6553563900832884,91050
-0.47294934139910016,-0.7606881288272012,95909
-0.49872190416129786,-0.6010238115627133,83268
-1.2982088076155522,1.1547097755229296,95440
0.8190640294546112,-1.2945286162778336,91752
-0.08224626904981829,0.5093446807349322,93021
-1.8963116047123214,0.9766246647160345,95301
0.5178546744984824,0.14932865274599258,85811
0.47171741539917683,0.7706789099405925,80585
1.8441143400407767,0.2730694575923301,91008
0.03285309550444026,1.9866098646528667,80145
0.075320656044385,-0.45069030192955417,92779
0.29548070211132865,0.38919292415651496,91056
-1.6022623092112949,0.8422549764250831,81505
1.2081454065003239,0.9199947851743958,95230
-0.011959069550040273,-1.303604751924282,92218
-0.7764581492311498,0.5278573139396318,91415
0.09691019535813128,-0.7626532141379564,84184
-1.2942206286628661,-0.09745777929122523,80894
-0.4377915151226369,-0.8093189851033397,90819
-0.3674221625014901,1.2240548879535198,93796
1.035651981524388,1.3101406051617568,96540
0.7175332024154345,2.7175313381582273,93266
-1.181472660450642,-0.6997279802869769,91540
0.7483829096185927,1.0611045266119765,97569
0.6642078490797703,1.378532422322401,88485
-2.334829798562568,0.5146504756087251,97130
-1.0756339431008692,0.6819043846186937,94370
1.4889850371559068,0.7580143315438954,93210
0.2984238569886162,0.18201884544142552,83629
-0.9316952312353874,0.4503134882907446,95347
-0.5152426846729927,0.5096120376493632,85876
1.444522858219764,0.12414956374981502,91633
1.9051122187325695,-0.1821314492905924,98601
0.23737752298489173,0.40808827500211403,97881
0.4527663266603179,0.21071517396470202,83258
0.14069872542468995,0.25826324177287224,83063
2.6053651693153217,1.0767423982011535,99863
-0.3627684105965436,2.099829896164572,89237
-2.2390895816035674,-0.4864564196700685,97024
-0.4184240070754985,-2.509943335794975,86205
1.5704433977183196,0.2972585466845609,91187
0.9795794453664571,-2.311302954954666,94903
-1.2089892761477925,-3.3989903220020135,92225
0.5024907790285472,0.7321979160385519,84467
-0.20296260106373384,0.7743753987805454,90436
1.2815675840459149,0.12256347226159282,84814
-1.5698433880261957,0.09902148383114351,82190
-0.5605414817779364,0.7852799202919369,80849
0.3701972787904491,0.3066170333283527,98651
-0.22117732655688718,-1.441756939043254,87708
0.7539904265136675,-0.6497518843304593,92019
-0.7255553869118053,0.013685071549772367,96025
0.12724326348715076,1.3349403581898933,97055
-0.5083161614760617,0.6398168839259903,90733
0.35141496745043277,-0.2689754873120938,90731
-0.3386015998136131,0.9905443693747983,82913
-0.34680206238696654,2.2922876617938406,84826
1.2805603282665199,0.6399716207146103,82612
1.4406183440528293,-1.0879762045252137,92113
-1.2764465335847714,-0.7674436710916089,92679
0.04897111772385479,-0.4351133404522743,97363
1.022500280401427,0.36055990671556126,82474
-0.24813463458798274,-0.6658914810977113,93296
0.4618495528055195,-1.3829928771320503,95624
0.713868532858575,-0.5052226049107225,93638
-0.6373424958977799,-0.35332325317866836,92171
-0.6333832472804038,-0.41091159597810034,87375
-1.3212659884970475,0.03741361920419313,87239
0.9245834604973711,0.2536421038287332,80204
0.4026460845329782,-0.78309647521728,85568
0.8593971618295537,-1.2544211761047552,80049
-1.3243578699098304,0.9005563947226599,87944
-0.3838122582850795,-2.098427236867917,90891
0.657046604331679,-0.9376391386962171,88822
0.483849520982213,-0.3817093262456623,85704
-0.261742775602892,-0.5825905673817889,99723
0.6568590478535468,0.7872929020189985,95053
0.3069881024583698,-0.9226270529000093,87185
-0.17054400721263302,1.3397379801336236,99985
0.14277585867520484,-0.8414578440165955,97435
-0.2893191623898062,-1.3867380952688941,94883
1.162890065485803,-2.4176883608427002,97815
1.5802396409573443,-2.487904608966956,93032
1.6878484167468577,0.5187707135777458,81711
1.026192722290449,0.6319933562556215,95169
0.006547035646006749,-0.17678006744927344,80916
-0.3779755295490988,-0.04012087746628212,80568
-0.7594696616960599,-0.954081615642468,91179
-0.6276212495501641,-0.11515325657439815,88352
0.7336085562536222,0.5010235183265226,88481
0.004774329727786191,-0.102393510727185,96985
-0.3617928299570322,0.4872531273413502,93086
-0.9887137554384328,1.6305462276793383,95992
-1.3897611855822394,0.4191918980592162,86663
-0.5444008697082775,0.4763108798992121,96469
-0.11238577415756776,-0.45256271779251694,95164
-0.3879666542525987,-0.36368521932681586,91409
1.3958337748434368,0.10669109616879575,87648
-0.9557627906311452,-0.29110891927114213,87460
-0.45973480024099,-0.5020628800427085,84870
-0.49342193666081435,0.32461268307967833,85733
0.8183835611806026,-0.35482387787341924,82929
1.0288781549066388,-1.461290729152124,82302
-0.7326279270660984,-0.24032685027220643,83318
1.725902207092087,-0.08526813371737521,81011
0.2983594509019928,1.310815336073523,83378
0.14542536321951047,-1.158059429903726,95972
0.09754024851039182,-0.9329656538835258,89890
0.28562200378301494,0.37572203832288226,91963
0.8629769931586487,0.004931524140213189,87728
0.3539990127908263,0.9176884924737017,93771
-0.28470621150231973,-0.27732807730297115,90258
-1.4795796695722658,0.7301655395459211,85467
-0.9678582025792263,0.6849518704059889,98696
-1.135342881504908,-0.3400852245083151,84577
0.7038508867747288,-0.8399359576782158,81438
-0.021717227735667963,0.6764579556753709,91116
0.618434002718015,-0.04221836674668753,93737
-0.11976982920684807,-1.3339265571885002,83208
-0.6583487657891921,0.8327898079318581,93349
-0.9528479457276313,-0.061426118334103386,84801
1.0010657127971532,0.06742968784347164,88568
-0.6870748296039062,-0.01566832538142604,96507
0.7043071396921283,-0.13419574614568597,91982
0.8001807625389051,-0.1662337197079413,91417
0.13851471918021235,-0.29842214893154084,95019
-0.2980007932721562,1.3356207531204682,83011
1.686585204119244,-0.2755349080643396,81180
0.18067014226329292,1.3758996311991118,89546
-0.3309128030502396,-1.0222931287759554,83679
-1.203487434268083,0.2596067948685198,87723
-0.7846391693131646,-0.25721057874460024,98061
0.6950750526383301,0.9696310658230605,88929
-0.5996494168818621,-0.7587677669476391,97543
0.6004069867749638,0.2692382672537466,80835
0.92189189398,-0.18019167897457136,84305
0.01720794990806165,1.4669927261787958,96266
1.5193607852720008,1.5287729760834274,86617
-0.1922156906868494,-1.395483040887252,98413
0.24037626179636312,0.7702902658063817,89359
-0.5773274887994374,-1.3450368291893529,93886
-1.4119485076671856,3.406845300270184,99015
-1.3359381328375761,1.6519504512179244,96209
1.0684736685067486,1.2504514829946767,97081
1.5311679872981259,0.25946965036332503,87306
0.5646499856710557,0.02526188746726137,93399
-0.9187285980607247,0.12381854822783485,99193
-1.2409404390498517,0.13755186487237556,91210
0.060749278120237796,0.579825105178431,89050
0.21487380065334225,0.060082288255477685,82293
-0.4722599385310958,-0.494997069283292,85876
-1.5008043956260781,0.6099231545884441,90095
-0.5004660489642212,-1.299899215216749,96412
-1.3889128123800387,-1.175338622513541,81322
-0.15195383051488115,-1.954856834455973,93135
-0.6710194204167458,1.8051731800284978,81057
-1.3193292066357514,-2.6644612006123576,89213
0.08255629575610535,0.300881130300314,95018
-0.04238701767114293,0.4110747536736119,98765
0.42043416052048227,-0.1655535396147015,80083
1.6980661079894444,0.7820556382625106,83642
1.3128846349385834,1.0526616822837673,88879
-0.18472696315536494,0.1281341614614541,81813
0.8788375265299665,-0.8986057107381524,84629
0.8143127211084534,-0.014392239732502811,85168
0.26522846117410115,-0.10497510215394124,92727
1.8889523595105375,0.1692789119763686,98225
1.4056904542473412,1.837084070847518,94009
-0.5680485584841001,-1.2265325874128523,90629
-0.6187837344072721,1.9758240974281194,99595
0.7469485547536261,0.22930622389954503,85544
-0.15085385405005317,-0.351219556535787,87321
-1.1949834880687815,-0.38905399939545615,92606
-0.3291604957587051,0.398695586362827,81543
1.240995266675441,0.49420747869506954,86786
0.9705097519141305,-1.9852309475957841,95839
0.32040718751066216,1.127147962235227,94692
-1.418947936611945,-0.2988212330871936,99310
-0.28156649523081956,0.8766235113086114,96466
2.5464323086419345,1.397231753757838,91045
-1.1088773739505744,0.7828713402635066,90450
-2.597269456347042,0.15891441970273526,80114
-0.15526465247314833,0.6426190268580386,92112
1.1718995120853626,-0.4035251614781949,87830
1.1692323056159981,1.5223205170790868,97899
1.0104841920736485,-0.5841214552155803,87505
1.6447746533454233,1.2856046228870708,90086
0.25029876405164087,-0.3013027212170353,81168
0.44753732698363796,0.3278509563938938,88242
-1.3529623318730775,-0.040406247458545666,92218
-0.7034601254046667,-0.19789003908108505,91722
-0.8060260340445751,0.9409030255025188,83859
-1.47310813292664,-0.5301213627724327,88869
-0.36350860075856795,-1.009684513464936,92284
-0.5557988699233325,0.12469272129907417,94959
-0.3581730867975607,0.3485923509974932,97201
0.26760909042738207,0.12323386651101347,93054
0.10934160912800946,-0.34501099852707945,94336
-0.7864777892624385,-0.38801415425019237,97060
-1.8859625917208547,-0.9149403284238266,80005
-1.534683113669666,-1.9937479990289368,95217
-0.3228774046534335,0.5202768575102631,93497
-0.9083213608680315,0.7319875446799967,86115
0.17139036223936668,-0.17438650649221887,89426
0.8883730805956878,-0.9954922179295732,92477
1.0134721400888103,0.11509188424180325,80223
-0.4700714607353638,0.03085853689890963,82527
-0.32729053893130655,-3.164539726501183,85036
-0.16017453915227953,-1.0175438344816568,81155
0.5255134576240272,-1.1287791335575867,83245
0.25416017298474314,0.5360123171278671,99367
1.2465185661937743,0.4756045152540346,87228
-0.1859385605812444,-0.6298342636701252,80960
-0.9713284796691217,0.8120919023562286,93289
0.21639517959439325,-0.8739836943544586,90283
1.3004948011677455,-0.19798326508605957,81884
-1.3295588271542709,0.8959871853019333,81390
-0.6796097435563322,-1.0781633902149703,88071
-0.48216528974442907,-1.2083604555869127,94535
-0.3516688741441972,-0.6109220757237179,80422
1.0099149817836819,-0.41520721948925965,92683
-0.5954482055727617,0.06978422114796652,92648
0.21532028876663403,1.1823946246526829,87679
0.169468112132929,-0.3826633698006192,80339
0.6560134501891536,-1.839603500353669,94250
-0.7101760248137822,-0.8372563906179075,93996
0.5899343574192158,-0.740727198826891,99965
-0.41439899372761985,1.1963206196980003,92203
0.02346282747640527,1.1413261089083298,81063
-0.437431468010975,-2.551284491756313,98651
0.6384441002939819,1.2842183615203384,94881
-0.19305547695266553,-1.5090110500306766,93605
1.2054331690268343,0.13035991441363587,99993
-0.1901962926967467,-1.6499698765631245,95682
0.37009363784645216,0.09473882564363681,94137
0.7687315495810295,-1.768666721491416,85680
-0.06400124854628766,0.259891486011728,84139
-0.796725632584957,-1.5851560325310572,80311
-1.5532467098986977,-1.7562287526656697,86381
0.32367474656292294,-0.12505717187268192,87859
-0.23297809041416742,-0.3208912492481215,96746
1.3187931172202203,-0.3759526431779628,92407
1.2515586569890338,1.2180642984001637,85820
1.5348201032729563,0.12354739525841446,81110
1.0307622081123522,-0.10505095152889021,85653
1.434099722449711,0.2854964056443907,93542
-0.15709442686625166,-1.1789426455447332,88152
-0.6862457005249084,0.21512263647002777,99968
1.19137898887088,0.8542736471170909,80962
1.3781889558469922,0.8033873229340209,82354
0.08903509724470807,1.1544324665302443,86332
-0.7945831942302171,0.5166081567062176,87058
0.39791937638506736,0.031003419822564812,82902
0.16987224669025328,0.0821310639095157,91202
0.5500437922717707,-0.2931265843058339,99947
-0.45173036093946656,-1.2318220276286562,84311
-0.6390310357983229,1.0817962409127153,92076
0.35773762969051326,-0.5274502204727952,91924
-0.32230054251983004,-0.30894903832173165,96816
-0.4468929388960657,0.9049822879146536,94409
-1.045823156122683,1.0144245564317584,80308
0.8854093195349725,2.165333722947455,97355
0.6869917004110419,-1.6799318940853334,98818
-0.057437077975107886,-2.751531749367494,87015
-1.1833432688530645,0.2618091127126576,98190
-0.1774309084298864,1.8097680158059513,86633
-0.19744742290818823,-1.1694345269540523,80986
-0.52268308364682,-2.0848375676097457,98804
-0.23841178875640795,0.6904555350599973,97448
-0.5159569973054998,-1.0049473758495093,87391
1.9815749275146706,0.42969632653100825,95593
0.9935017690329206,0.5983165486639445,86419
2.3472904660927583,-1.0035024176361658,98679
0.06412566368026719,2.1014740297293493,83660
-0.9849745760160105,1.688343506831311,82344
-0.02758739244274924,-0.33259608111555283,83335
0.5654989035183839,2.6635544582579245,86093
-0.5744919203750835,-0.935433572864187,90607
1.551694066346542,-1.455923039541879,95754
0.8702417651205392,1.421877100592618,81613
-1.153668729788687,-1.0195062118257996,91301
1.1469674516875128,-0.5958554371764605,83297
-2.883074111598035,-1.4774407492113242,90644
0.8102621043271634,0.4768004097665743,95789
0.44477224562297385,-0.3960786481296071,84288
0.1373811301828415,0.21951808132628628,94279
0.16007960481835226,-0.91441326758848,82217
-0.0032051199034524047,0.6965532106524538,86939
-0.8363542702589039,0.16044042494604638,99012
0.703670930890467,-0.3426659877135734,99646
1.4090961575659948,1.0388265177191092,91148
0.1634482113111983,-1.8455707341679906,80443
0.3685425035903363,-1.0320844769523967,83742
0.41005272363919504,0.5299537832789484,90598
0.7525751663883606,1.820925898149734,99487
0.3955249795756829,-0.031235584371481512,94731
-0.24425434430949,0.1803155687421329,99262
0.3054543990754144,-0.662794750853019,86007
0.5115613524133745,0.5903306852161678,93142
-1.2338789787073863,0.3415507561515654,91750
0.682910779171056,1.6183147712261792,90673
-0.5733813954006699,0.5701248935174554,99774
-1.5627594168646395,1.204348504946399,80871
-1.0304414031367457,-0.41721361635806503,95411
0.8643792841324276,-0.09295413200798748,83729
-2.296986875024811,-0.5615653407004241,96707
-0.4615010522166513,1.5856624643098278,88752
-1.013139006231743,1.2392934133959432,85077
0.8605513858899434,-0.11562053940917467,92148
0.6652644765858279,1.3182858368693569,84043
-1.0820111626357864,1.664584254590894,97925
0.5087171292194314,-1.1736412834569863,95682
-0.198238805977405,2.2888892344320864,86861
1.0106079022892414,0.1165543787824308,87063
0.7300210357967906,-2.2665307657933638,89264
0.21745165447465914,0.4672164556674257,94151
0.059374933192935825,-0.19825021156104247,94084
0.9917813763023217,-0.33469579059933896,94566
1.5912282345201376,-0.6340763784810606,88894
2.2807248635962685,-1.954852863859241,93513
0.43448034586011297,1.128811622204191,82751
-0.08508707639607736,0.5720675110863034,95942
-0.13536127183089647,-0.11345531217406522,80516
-0.8485874518097767,-0.4599540977403016,97916
-0.14309879876983878,-0.47598449179739744,89220
1.0001191021081512,-0.07820279320722065,94611
-0.039167284130484516,0.15030265890168548,91800
-2.8571549689159617,0.6743355071631518,99950
-1.2469837929425873,0.22757814734559875,89857
-2.4126800117980607,0.1302256950052167,86962
0.3307941446318134,2.0113774029004476,98574
0.9461195539469744,-0.07966125221930566,84352
0.11384862750054126,-0.4596930290360226,87028
0.10757206010460639,-0.00781811688185469,98887
1.0092031671709663,2.1116562349688355,80742
0.06492004036110584,-0.9221676284153756,80236
0.7868224145415442,0.2503915513756943,97406
-0.4066329990151974,-0.3688381714431175,90054
-2.035034822170649,-0.45528131766798097,81632
1.1411017110160624,-1.0591055788277344,87130
-0.3400516510070875,0.23846663641121754,81974
0.5433341511255989,0.4279371874972952,95457
1.064302871313522,0.23992630097924458,90831
0.3283382694358907,-1.7446487116752283,85269
1.285855625581921,0.7646527445119327,88412
-1.2250037831331817,-0.7236232402526589,90737
1.4305877965060991,0.9719167581990191,88516
0.2737238352651166,-0.9797899290003164,96229
0.8861862146587722,0.9594677401036544,89453
1.4829196775288103,-1.030241769879232,97712
1.1831832137616267,-0.6199909878162011,97308
-2.258189899377911,0.1385105096768761,84420
2.177984265178305,1.1118732634866584,96913
-0.48435996444398494,-0.4834772707993473,86164
0.7130753358962811,-1.2075205809470353,97353
-1.6949739354991675,0.3562443032089113,85358
-0.5160513946293945,0.9662788626441244,85796
0.32510190640585873,-1.3172970676320839,89659
0.3084626024820356,-0.6843202395680409,91581
-0.010070550030438845,-1.1493612533550637,96024
0.5264325126367131,0.7804296822709985,93198
-1.0650764925876774,0.5101908702381125,97817
0.16758839272991088,-0.9362267603641479,89863
0.32926588332257173,1.8713756899083247,97072
1.0226872085702954,1.6986987097759252,94578
-0.4000345658951795,0.9351370288746074,82805
-0.7132053412483637,0.8235192524470283,81953
0.9340383718057159,0.35788140771927013,91762
0.11460405442318322,0.10596481680244403,85384
-0.02381116326948229,-0.2825647483075879,89624
-0.2740791188396183,-0.46785175775915955,95034
-0.1487369085348653,-0.0004846936561775499,97710
1.0515596697795389,-0.5559369732825263,93355
-1.5087828768484557,-1.1337948376017568,98645
-0.5000803630273672,-0.8199438944435168,99331
0.40415087096426344,-0.6683055872243338,92591
1.3364878121815256,0.30627689915825573,90969
0.3131747374736008,-0.05681121524566854,89053
-1.3488595048697885,1.4322963186203885,94213
-1.8151405528615177,0.497674757359847,87103
-0.3175851783013437,0.4989648188827534,82433
0.2950073609495763,-0.29610357322427705,86303
-0.2149081155297574,-0.2262532363277302,80627
0.6895599226580947,2.3156224162384955,97052
0.8794555320438144,-0.7377560899516292,97141
-1.0098399931464346,1.9420039819441322,94929
0.21723560065333866,-0.8863423909521639,86825
1.2745244512895724,0.810935014831019,84991
-0.7034479843691446,-1.2263290006403966,97257
0.6403674890889288,-1.1949327222876953,96451
1.1259547892376145,-0.9504564448862177,96992
1.7896870145544588,1.392232901967237,85592
-0.7676477162615694,-0.4105098509694983,88066
0.8631255234889491,-0.8046204892250058,86359
0.46341445192368785,0.6754360971389309,94598
0.34544594898285014,0.02543380637988654,86500
-0.025548762881906457,-0.819945887497328,94720
-0.6069700931400532,0.4128585775031938,99734
1.221275486242086,-1.8894134621225462,85641
-0.5662367534088644,2.5146425018612253,94653
0.29083010670335274,-1.4762136001295558,89494
-0.03287640705984773,-0.11297089254074326,81691
-0.9115776115877005,-0.6859662370479966,96948
-0.13051499802062053,0.6599346356829173,83687
-0.1801267396837453,-0.7263596376678183,96778
-0.04731015633785713,-1.5697267893095033,84319
-0.6348259659732994,1.049826915621513,86261
0.856686746624349,-0.49483255178091473,93120
0.08069153816834977,-0.6317178168612453,81159
-0.37464942575702814,0.25982643661692756,81252
-0.22423207851696433,1.941432234258312,81620
-0.7104541951716292,0.0744335826954337,83116
0.8701307489528727,-1.5808001785736776,96121
0.9098771202979709,-1.7455546705327005,84215
1.0344571402190783,0.05110466526067375,81291
-0.08658609874682453,0.607031004414962,86639
0.4200468257336497,-1.5076590190977441,98631
1.6812812381168478,1.174128060932473,83654
-1.6695021786606508,0.4958242751778542,82389
-0.6532445982791502,0.808536749988583,85838
0.7361108271064299,0.4003173655472111,95637
1.2706241017396385,-1.7864132760330032,84384
-0.21443687260325597,-1.997078824721565,86966
-0.9682417532949239,1.1124773860413637,91878
-1.4832864851572716,0.6992429061219906,85250
0.10169195270165908,0.20015717189834784,92582
-2.3721051020407478,0.6627583203910433,95955
1.777188711059154,-0.5650772515113646,85713
-0.9074100665648615,-0.6398315613430083,96562
0.27794630207083343,-1.6998075500017853,95532
-0.40984078759709053,0.3912109698836862,96340
0.04196438377493107,-1.0944934827078558,91103
0.8297685344169531,-0.3466659451849533,90076
0.7030402626815166,1.1031475738466694,84499
-0.40356466950418657,0.7566896246258895,90912
-0.6045539702268627,1.5690622557780203,82169
1.3715442987774746,0.49763577905596296,96123
-1.8609468073410056,-0.9484146852530921,89731
-2.5709286506586486,-0.4747712627967264,98616
0.7018148635301051,-0.15621442590894224,89572
-0.16919625750869574,1.6779763516874593,96893
-1.4967688146844447,0.21147279507784425,90798
-0.8194451431037765,-0.9200433209843889,87810
1.0412376110741468,1.3095022449038265,87450
0.6724343486319733,0.9080259809804792,94169
-1.5838455486182526,1.0099661640750976,96370
-0.007688102581096219,0.7137830111495463,82421
0.28930947870170953,-0.0908466543091484,92673
2.6133707203243643,-0.030339668863832235,89929
-0.889642488277357,-0.022773763674410683,98885
0.9197206120435134,-0.6597047546635427,90651
1.1381523454256035,1.2933920693418879,83302
-0.5893930661528406,-0.3720736835958906,83944
-1.364105001256618,0.2730847864587986,88101
0.9345427863869917,-1.4358638393392193,94766
-1.1091873475876028,-1.1623605631558973,98409
0.5492593381663106,0.48080496958616864,92435
-0.4281318172619367,0.7497269125092196,87107
0.8823877507559553,-1.2658301902744595,88758
-2.301718912312614,0.29346829353186393,98975
-0.4517782766249802,0.8372260240617256,83842
-0.07807332177916647,1.5976562828680867,83791
0.12346214118165902,-0.47260953318348353,88192
-0.5174571359949238,1.5115415452229601,90027
-0.11284701936146786,-0.11395014911432305,81312
1.4924655566780924,-1.8954911795558949,82296
0.3232191999250382,1.6283933832877944,84725
-0.7417488923293583,0.84724966756754,93061
1.3873358446020752,0.45975255646003355,97363
0.09026759373789665,-0.049239661886365756,89896
0.268901209499487,-0.3123703121006382,95474
0.453235132137867,1.6987758974232094,90121
-0.1483902612560917,1.7008917411421747,95078
0.4812678333694789,1.4450179073298082,87317
-0.7583424695724886,-1.8049221018809105,92264
3.08633985536551,0.19680316286371552,96484
-1.2933162631534532,-0.3079914500149883,93935
-1.1105067889801339,0.33423968899087536,83287
-2.2202175064430802,1.0698234733398395,97295
-0.5535111530613904,-1.4869622356688683,88365
-0.5733582198664857,-1.0756744434999204,85545
-0.7341280864729635,1.1100643379608053,99211
-0.37795434996608235,0.8221759336863628,96995
0.8843424968794992,-0.7030381997779047,93913
-0.5675703542415644,1.0845945738632934,87116
-0.14633189593493637,-0.040310595395969935,94825
0.4379466071248421,1.0646615569193298,81741
-0.28367885024050604,0.9849370945502774,81516
-0.7614523191134562,0.554269921133059,95038
-2.0415840479094305,-0.15686544218439305,98335
0.7407843138347916,-0.28526586304501905,93404
2.1601010647785026,-0.9684626159011319,96265
0.2470802675416845,-0.31357221502789556,93279
-0.5225035966234625,-0.81448673330905,83847
-0.7337250603270267,0.4449340794231127,82689
-0.20519853496945525,-0.06204676135653864,91904
0.8407169400475702,-0.696478346299975,90478
0.5636791079226318,0.40868885115283576,95293
2.0272205267976298,-2.418931012235132,81081
0.6960944598126106,-1.5349976394330738,85350
-0.6299923887544846,0.8982713995250512,95243
1.3876660902803422,0.9729247112398567,83928
1.0463479834128757,0.4500554669670331,84818
-0.9772244464003931,-0.5900903884219993,84746
1.151568979805939,-0.3431126446313714,90191
0.16811113982880055,1.7856752066389021,99774
-0.0786544889658151,-0.15956173814539287,85327
-0.4912541754354641,-0.026138216334556867,97989
-0.6195795462869406,0.682504803169304,84052
0.509888507851905,-0.4569161818482818,85565
-1.041035573399171,0.28219314111766447,84231
-0.12977391854745984,0.890906506471383,93937
-0.5514706301280182,0.15017056135796863,97071
-0.3427579206576602,0.8966766190018716,93207
-0.8099117192192954,0.8652111365714225,96837
-0.3260694189586456,0.5868891189253624,90866
-0.7679374107883062,2.554534632522467,90986
-0.47543477348978563,0.29337170694007,89315
-0.9239851100558854,1.2861902973965538,98206
-0.018368727042915867,-0.24632558860661533,89821
-0.5280822126726304,-0.2449687250727211,89689
0.796360939970311,0.7621278241264037,99029
0.6959726345507213,-1.1042112976329026,90340
-0.3527695070314612,0.863778084224991,88611
-1.130484339376584,1.9136755859354404,83825
-0.12239680720895504,-0.5808114583820821,86940
0.8401809800418141,-0.0664148062480753,91088
1.7351118795483118,0.20375397486879085,98718
1.6158254123474531,1.6578498658420955,80166
0.1327454193064985,-0.6774658850221547,85246
0.8438419692232434,-1.4038285363414107,88391
-1.053577927874064,1.3859767176948503,95145
0.2824565325432813,-0.9579374462578724,88928
-0.596473911736352,-0.8028139381238039,84272
1.6786212588084934,-0.5060464581564951,95267
-1.4274624923276225,1.241130550778221,81518
0.9096426729363462,-0.14407217391182858,80480
0.14837322112293166,1.1142461849365424,85868
-0.011286878451698358,1.0531091006232411,85960
0.28838141354985214,0.4493237743984979,95742
-1.173798559210323,1.7183302652894068,87286
-1.02624277210318,-0.47868257788093754,93686
-2.073997415889879,-1.897114208796876,99211
-0.4604606113020403,-0.8674546699862314,98556
0.31652515839373546,-0.8225290136976666,98687
-1.5551712319993205,1.363627015651892,94205
0.06664615028888711,-0.6264529656915844,96583
-1.0628883601056462,-0.34268769365536783,92007
-0.7729862744247554,-1.0196623310238995,80074
-0.36565456316270634,-1.0980243025539653,92514
-1.660171755448861,1.2302880526556155,82152
0.12236129745556373,0.06979106736361018,93729
-0.11152450995645602,0.4897723818822636,93911
0.8619499533461934,0.20211555235337983,95992
2.2540143452610963,0.3389940402953946,85473
0.8572018618013084,-0.1542768070644235,97854
0.22300395343680648,-1.818912286620781,95956
-1.8333968937542513,0.18880268418683266,83576
-1.461879441106954,0.6152077314488922,97721
-1.186816616774866,-1.2860820303407168,83322
-1.3475073309716057,-0.7285049959919607,98175
1.6823332166330816,1.2419619036165095,99494
-0.3230688881108581,0.8186206709802908,95902
1.2349790814640822,-0.5946111878400836,98962
-0.5732628764983361,0.08398926447472306,94874
0.21139208295558504,1.1162961415187567,98840
0.3136725574358584,0.27227110847319413,96098
0.32307424491602305,-0.6860432399211113,91375
3.688543618210804,1.7783438721317502,86034
-1.2634076494899058,-0.27101494586847374,91508
1.057672022821908,0.6601006521639792,94803
1.270942954094587,-0.4506990154801871,98610
-0.10035600133713818,-1.2095551480224518,97121
0.4698970437597013,-0.16898967253323532,99438
-0.746804863790569,-1.5178315698913778,85866
0.7327878783173102,0.5760576002038015,83040
0.46688229612880083,-0.5910623056370125,96072
1.5768244295228468,1.064563958243186,96889
0.356591512101877,-0.28903654528974565,97295
0.473497595699493,-0.7480227590622581,94240
-1.2106952134944426,1.514425095586773,85516
-0.0005121388985383405,-0.02929338231363956,86998
-0.3845330496265294,-0.8163410930139618,93299
0.08036510313363075,-0.9725052979994024,98801
-1.5573778493033676,-0.03329094370119636,90568
-1.6247087785897556,0.06035090828245132,90192
-0.4194130252963721,-0.21134023452151496,81961
-0.9814696671326489,-1.4078883630836052,93211
0.8214766116496927,1.4642446037087329,81210
-0.7742768665099649,0.5260463989517155,99004
0.4662355018224198,-0.9647420183951606,82798
0.6582690472734605,2.0607334055967823,95168
1.4527400211481003,-0.5243851340173006,88338
-0.09673279680633773,0.3848510727337638,96729
0.5029706450500379,0.07378859903723865,99402
1.386635086398393,0.8431413432779395,91232
-0.29610615286815206,-0.19408572738948035,91886
0.7627998490028544,0.35339335382819426,89228
-0.47153963729035847,-1.193211575718216,88833
0.9443512137656374,-0.6924971260725525,97706
-0.7898922641763853,1.0980242355686138,93557
-1.2280545294003127,0.19172925513545847,99457
-0.3531758096774823,-0.20500592611187388,92297
1.6080473766260728,-0.2873147436671441,84560
0.027693544783522386,-1.0984808935894308,81803
0.002273251209700001,-2.5608655524869204,96975
-0.3858532601756531,1.8760362726775375,85580
-1.4613067873012362,1.1339049598938635,84182
0.7349643325873366,0.4618374861994567,92531
2.2405481048149665,0.6139830830407137,82210
-0.39660288255747594,-0.017299917680060988,89971
-0.74625110106125,0.8346511580624767,99959
0.2967413474712787,0.330724345829655,94729
0.2960585679036662,0.1519419843541389,84905
0.44761698366886765,0.8815642189289028,87623
-2.553801808139367,1.4720915399123287,84066
0.21497562646740925,0.33628164346591777,86629
0.16027024608196466,-0.8310938490726741,90516
0.9477457081564732,0.15380373865435723,91008
0.902364330953562,1.1625976439887533,94426
-0.830285146869329,0.4239255810518041,98206
0.15809850126236336,0.1191784199463695,98949
-0.6103564318080359,-0.5095736150829576,89979
0.733439017237242,0.20666943582387257,84852
-0.35270487288706753,0.5768602894751659,84298
-0.42699788482031625,0.3590960195370808,80217
-1.5628444885416484,-0.8587324216870144,88510
0.20647503156732205,-0.38851846463174394,97606
-0.3177591350015332,0.7585866877522758,80185
-0.29893023616766445,0.3493671667336558,96826
-0.2663271026017542,-0.9741135946370378,91342
0.32662723596283416,0.18629471244751164,83760
0.07596763844652514,0.6926549157939385,81396
1.6941309691988704,0.9965795358758273,98725
0.8855793729655048,1.4222247042730245,84513
0.6542050375101883,-0.004653330905666077,82865
-0.46870940871580885,-0.9905492760220683,86741
0.6812847759994648,0.7067402685157522,99431
0.8826249177543132,-0.6774768061871441,97965
-1.986232237876875,0.49704313067874856,94629
1.9556556221167363,-0.7803399441618208,89317
0.02120672257804411,0.38034617594531805,85415
-0.6070783263519883,0.09632471937771969,97143
-0.9686723407774526,0.06910212493480467,91683
0.366980971131471,0.1540357201813395,92999
0.5528017841490427,1.043234947396983,94001
0.6008570297541544,0.7593110927817766,95059
2.4061840343741885,1.048846770873677,99319
0.30598125431579076,-0.35790473388817456,94508
1.4811743430219977,-0.01238393085839469,92274
-0.5435666416725771,-0.1376966977750515,97321
0.6062900430751738,-2.2441407030307454,98287
0.06358502804003363,-0.18009079657348515,83642
0.023225941739500232,-0.9809297988390688,86912
1.7859881080692115,-0.5666290030180862,89519
0.37540077835462704,-0.06035787094254926,90107
-0.13831508951445773,-0.03204437996469808,92658
-0.5702185396814995,0.5673370404715607,86390
-0.5250597170542018,-0.2030259407269451,82483
0.20404795109186075,-0.966339408190225,89295
0.9252636259123902,-1.0743985374100844,99442
-0.5839459145234608,-0.1790385391437917,97038
-0.9773373852017233,0.20703932345129966,85560
0.19410919669015675,-1.221566690862442,89719
-0.7039195725921269,0.38414151112338063,99127
0.02627840563295227,-0.5462651575257766,95028
2.0525985520472574,-0.8811130329697368,83025
0.953503466637544,1.9614911652057518,94552
1.2962642511358857,-0.3076965072529867,84809
-1.4491859769772246,1.7645049068545036,86377
0.07318054698006045,1.8527486882495168,96785
-0.030885019856479144,-2.1014376023183727,84234
1.8398042421593839,-0.23192592035335088,82113
0.5195142117774357,0.5788120732211244,85286
0.8300672111299646,-0.09850601622410823,99715
1.6310437416535772,0.7326945273257608,95609
-0.946073524485217,1.5752994647987681,99563
0.07537315997702276,-0.4670523290504579,94695
-0.18133559109792996,0.7988322456355506,96832
0.7576685270393353,0.8367932345179879,96918
-1.0118416963117516,0.4543322604265604,81898
-1.6929884427156046,0.3645635114394266,87463
1.0843135422034165,-1.4318744876176308,87156
0.582443779890119,-1.2583419275850987,80159
1.6240775460766654,0.5890572118083403,91675
0.27585427017878184,0.21173404434072238,89579
-0.8231965357839246,2.1847663590326465,89107
-3.15059493185667,0.4694310199399868,95582
0.6698331369039524,-0.8280612705274178,85562
-1.4398729318975092,-0.2579982458066561,85358
1.1416545372329374,0.5276816923614854,96498
-0.46451714963956997,-0.14038337100161802,90003
-0.4359842064549862,1.2475772329351973,95425
2.6179530445540338,1.1283027632372293,97931
0.5556490942629662,1.0925685942905192,98817
-0.4891147851738526,1.4088381076796428,98636
-0.7876161202841717,-0.05189267134096066,98247
-0.04909254195033115,0.1543909248979544,89042
-0.023030708109341574,-0.7918743514124271,82133
0.30980322421626433,-0.5376334958786898,91604
0.691411291378978,-0.11313027135695285,95338
-1.2305878364534977,0.5826899366851387,80709
0.29290864908589603,-0.019191324052815786,96025
0.7104815182349361,-0.6430585038854862,86624
1.0375786137138154,3.7200459087261972,99326
0.5167029772426585,-0.5850514096737224,91026
-0.008051639014637613,0.06958761322249957,82648
-2.5840455692501307,-0.5929044187628407,93170
-1.0345622848104363,-0.9010047747486511,91717
-0.018556288392033913,-1.435173693910679,91998
-1.4003238782079896,0.363347589637186,85418
-1.3280211604691026,-0.7593696199267892,86807
-0.07405454862684784,1.316727087349162,95960
-0.2732430334197479,0.10649351141608301,89666
-0.017825133990089236,-0.31020083310383245,90511
-0.14250589971304903,1.4278161141552177,97984
0.04735646605071088,-0.5494660632571724,84755
1.2329393723991604,-0.6530233094122856,93573
0.16702050329778567,-0.18198429393316518,82917
0.48150827694048126,-0.6284708318303055,80757
0.3116165018597353,0.5440175917937525,94482
-1.331965421196661,-0.5592139599229226,82885
-1.1986928479087369,-0.648921995991611,88039
-0.4899792444177352,-0.7055440080938878,81743
-1.2504817323070831,0.7941996200543392,87611
-0.34095448815540114,1.6619173759708392,82957
0.0047180263229883715,0.42005372226175447,82590
1.4579264321571381,-1.4903893594245023,95651
0.06030811020583609,0.6274107120669796,86746
0.8006893858027304,2.6849667158677275,98249
0.061806468256279515,1.9961996216068434,90306
-0.0684880185077714,-0.02443428190760673,92457
-0.5758939979770062,0.2582612425663181,83793
-0.6938038253153515,-0.5737808774778754,97060
-0.40106977957740325,-1.2050325821078227,99548
1.359661320413069,-1.181296760928065,98626
0.4099853147320612,-0.8897823147846603,82357
1.605909315004331,-1.905168931465446,95231
0.3413294575335764,0.14717109443766432,96813
-1.9395372647391171,0.46258823767449236,96932
2.43480032847961,-0.32291321552079266,80654
-0.17384969419690605,-1.4415101898444234,82532
-1.9349959282424667,0.4251880840237553,82121
0.5346198195969548,0.963891370450925,99904
0.43489929314748316,2.3249048397145313,83723
-0.514563764281607,0.21278757306924687,92171
-0.9591787252708316,-1.3369766427212963,96243
1.7258349178391188,-0.08158333772340248,84922
-0.286330988266249,-1.0669593876323977,94831
2.004045662307624,0.5555212529581832,85192
-0.3987550855902719,0.07024733162396314,86961
-1.0151790678600794,0.5332349258016102,94894
-0.10306071157916781,0.27681531379068647,95123
2.279821073021365,-0.4072171334738909,88434
0.3182817428185149,0.5604608168120472,98277
1.5300552486306251,1.0474724348055395,82067
-1.2482195339293567,0.6825252716725029,96248
0.04312898938994572,0.19580299743926866,85889
0.6897892083796817,0.37201654365647663,83699
-1.3779943021915961,0.018503375017224415,81736
-0.6695060463311426,-0.5862806896383996,92423
0.37118119598381616,-0.7633662185839717,96576
-0.42374952664696625,0.3693252316374752,99236
0.198646298684915,-0.38594438847724044,98577
0.6461409304116505,-0.7173474131689813,97084
-0.1985234670220518,-1.4043901347554486,90226
0.53257519367739,1.4912421926332353,96790
1.4351700911487668,-0.5899032453862064,85584
0.4287046917554937,0.7106364837221893,96609
-0.34064372559556866,-0.6028115828093751,88351
-0.7507948815198975,0.8473146013724714,81977
-0.036196627695929504,1.0937280938861496,99895
-0.9018234381078771,-2.079508789649949,81520
-0.5885022075494857,-1.6270500959038965,95798
0.38661091977872275,-1.1864943884476589,83580
-0.47382249322485115,-0.8768521697238745,87586
-1.3436217433778785,-0.09715823619306418,80896
0.49511731331321196,0.36988102908691467,96505
0.8755890302252463,1.0302197504832151,85382
0.29006284609356925,-0.45251376413078614,83681
1.4024032729561882,-1.4414814335586643,83001
0.542509122079385,-0.9909068165751439,80841
0.18360342844803176,1.3548357086616116,90220
0.5880314819349314,-0.03358187059427296,90130
0.9018445909190274,-0.2194720054347527,98250
2.3782886832279706,-0.40673658098038734,91063
-1.8633354703122733,0.8615938349013655,95502
0.9241148631965025,-0.5259957941106506,83329
-0.12420510491312163,-2.901695591648369,81730
-0.7016894534307095,-0.4892189423499362,85525
0.05782091908076763,0.34618163807342894,89902
-0.9926110513975089,0.2580248840619102,88106
-0.785672549184643,1.3219306194519413,82968
-0.6868719713635865,-0.9440985857591748,83337
-1.3166836132939725,-1.7397314429510282,98949
-1.1301655592970763,0.03982483572267623,94809
